EAAGIGILTV,CASSQEEGGGSWGNTIYF,1
EAAGIGILTV,CASSQGQLTDTQYF,1
EAAGIGILTV,CASSRTVGGPNEQF,1
EAAGIGILTV,CASSTGQGWGSF,1
SAYGEPRKL,CASLAGQGYNEQF,1
AARAVFLAL,CASLGAQNNEQF,1
AARAVFLAL,CASSYSTGDEQYF,1
EAAGIGILTV,CASSQGTSQFNEQF,1
IVTDFSVIK,CASSFGFGSSYGYTF,1
AVFDRKSDAK,CASSLASATGELF,1
IVTDFSVIK,CASSLEPGRNEKLF,1
AVFDRKSDAK,CASSLTSAAGELF,1
AVFDRKSDAK,CASSPTSAAGELF,1
IVTDFSVIK,CASSVAESPGYPPLVTEAF,1
IVTDFSVIK,CASSVGDGGANTQYF,1
AVFDRKSDAK,CASSVTSATGELF,1
IVTDFSVIK,CASSWGGAAQF,1
GLCTLVAML,CASSEGNVAPGELF,1
GLCTLVAML,CASSSGSGGYYNEQF,1
GLCTLVAML,CSAQGVGGQTYNEQF,1
GLCTLVAML,CSASIFRDLTHNEQF,1
GLCTLVAML,CSVRGQGDEQF,1
TPAAPAPA,CASGDWGYEQYF,1
GLCTLVAML,CASDSGVGNTIYF,1
GLCTLVAML,CASGSGVGNTIYF,1
GLCTLVAML,CASRSGVGNTIYF,1
RAKFKQLL,CASSFSRNTGELF,1
GLCTLVAML,CASVSGVGNTIYF,1
NLVPMVATV,CASLSGGGEQF,1
NLVPMVATV,CASLVASGQETQYF,1
GLCTLVAML,CASSEGQVSPGELF,1
GLCTLVAML,CASSKGSVAPGELF,1
GLCTLVAML,CASSLRNSYEQF,1
GLCTLVAML,CASSPGLTYPGELF,1
GLCTLVAML,CASSPPSGSGFNEQF,1
GLCTLVAML,CASSQAGLAAYNEQF,1
GLCTLVAML,CASSQSPGGIAF,1
GLCTLVAML,CASSQSPGGYQF,1
GLCTLVAML,CASSVEGLRVTGELF,1
GLCTLVAML,CASSVVGSDEQF,1
GLCTLVAML,CSAGTGGTNEQF,1
GLCTLVAML,CSAMAGGLRIYNEQF,1
GLCTLVAML,CSVAGLTTIEQF,1
GLCTLVAML,CSVEAGGRIYNEQF,1
GLCTLVAML,CSVEAGGSIYNEQF,1
GLCTLVAML,CSVGSEGTNEQF,1
NLVPMVATV,CATSDPLTASYEQF,1
NLVPMVATV,CASSAWDRSSGANVLTF,1
NLVPMVATV,CASSELGGAGTGELF,1
NLVPMVATV,CASSFLQVTEAF,1
NLVPMVATV,CASSLFVGGPGNEQF,1
NLVPMVATV,CASSLQTGATFNYGYTF,1
NLVPMVATV,CASSPKLQGAWAEKLF,1
NLVPMVATV,CASSPVAGGAYNEQF,1
NLVPMVATV,CASSPWTGTLNTEAF,1
NLVPMVATV,CASSQDPFAVLNTEAF,1
NLVPMVATV,CASTGTSGALYNEQF,1
NLVPMVATV,CANSYATGIGNYGYTF,1
GLCTLVAML,CASNPGTSNEQF,1
NLVPMVATV,CASNPSGGYTGELF,1
NLVPMVATV,CASSALGGGGTGELF,1
NLVPMVATV,CASSFGLNQPQHF,1
NLVPMVATV,CASSFWREPTYEQYF,1
NLVPMVATV,CASSLEGFTEAF,1
NLVPMVATV,CASSLLIQGGENTEAF,1
NLVPMVATV,CASSLSPTSGLSYEQYF,1
NLVPMVATV,CASSPGSINYGYTF,1
NLVPMVATV,CASSPGTGHGELF,1
NLVPMVATV,CASSQADRAVYGYTF,1
NLVPMVATV,CASSSLYGDTGELF,1
NLVPMVATV,CASSSVTEAF,1
NLVPMVATV,CASSTPWGGTSGATDTQYF,1
NLVPMVATV,CASSVQGYTEAF,1
NLVPMVATV,CASSYFGGNTEAF,1
NLVPMVATV,CASSYFPLADTQYF,1
NLVPMVATV,CASTPAGGAPGELF,1
NLVPMVATV,CATSRDLVAETQYF,1
NLVPMVATV,CAWIPGTGGAGGLF,1
NLVPMVATV,CAWSVSDIMNTEAF,1
NLVPMVATV,CSARDFDRTGELF,1
NLVPMVATV,CSARDPLDYVRTDTQYF,1
EENLLDFVRF,CASRYRDDSYNEQF,1
KAFSPEVIPMF,CANSSFLSSGETQYF,1
KAFSPEVIPMF,CASEAGNTIY,1
KAFSPEVIPMF,CASEDSSDGANYGYT,1
KAFSPEVIPMF,CASSFLLDGYT,1
KAFSPEVIPMF,CASSGLGGYT,1
KAFSPEVIPMF,CASSGQEYGYTF,1
KAFSPEVIPMF,CASSGQGGYT,1
KAFSPEVIPMF,CASSGQGYGYAF,1
KAFSPEVIPMF,CASSGQSYGYA,1
KAFSPEVIPMF,CASSGTTSFDEQF,1
KAFSPEVIPMF,CASSLAETSADGYT,1
KAFSPEVIPMF,CASSLGASISYEQYF,1
KAFSPEVIPMF,CASSLTAPDTDAF,1
KAFSPEVIPMF,CASSLVSNYGYT,1
KAFSPEVIPMF,CASSPDRARDGYT,1
KAFSPEVIPMF,CASSPYAGSEQF,1
KAFSPEVIPMF,CASSRQGFTF,1
KAFSPEVIPMF,CASSSAGTQETQYF,1
KAFSPEVIPMF,CASSSWEGLDTQY,1
KAFSPEVIPMF,CASSWSGGQRGYT,1
KAFSPEVIPMF,CASSYSDGNEAF,1
KAFSPEVIPMF,CASTGGQYGYTF,1
KAFSPEVIPMF,CATSDLRGGKF,1
KAFSPEVIPMF,CATTGTYGYTF,1
KAFSPEVIPMF,CSARAGTKTYEQY,1
KAFSPEVIPMF,CSVEDPDRPSYGYT,1
KAFSPEVIPMF,CVSEDSSDGANYGYT,1
KAFSPEVIPMF,CVSSESRMGSQANYGYTF,1
KAFSPEVIPMF,CAASTSAVLGKKGSQETQYF,1
KAFSPEVIPMF,CASEGGNTIYF,1
KAFSPEVIPMF,CASEITRDRRNTIYF,1
KAFSPEVIPMF,CASILTSGRNEQF,1
RAFSPEVIPMF,CASMGLAQETQYF,1
RAFSPEVIPMF,CASRGGSGELF,1
KAFSPEVIPMF,CASRKGQGDWEAF,1
KAFSPEVIPMF,CASSDGQGRLGYTF,1
KAFSPEVIPMF,CASSGFTGFANEAF,1
KAFSPEVIPMF,CASSLGGGQNGYTF,1
KAFSPEVIPMF,CASSLGLDETQYF,1
KAFSPEVIPMF,CASSLNSKVSSSYEQYF,1
KAFSPEVIPMF,CASSSWTGQDEQF,1
KAFSPEVIPMF,CASSYLNTIYF,1
RAFSPEVIPMF,CASTDTGYYGYTF,1
YVLDHLIVV,CASNLGQRLGRFNTEAFF,0
YVLDHLIVV,CASSLLASGGWAEGAKNIQYF,0
YVLDHLIVV,CASAPLAGGATYNEQFF,0
YVLDHLIVV,CASSKPAGGEIF,0
GLCTLVAML,CSVDLEKGGENF,0
YVLDHLIVV,CAWSTDRANYEQYF,0
GLCTLVAML,CASGKRGDNEQFF,0
YVLDHLIVV,CASSYIGFGGAMDNEQFF,0
YVLDHLIVV,CASRRDTRGYEQYF,0
YVLDHLIVV,CASKSRDRAGGNQPQHF,0
YVLDHLIVV,CASSQERGQGYEQYF,0
GLCTLVAML,CASSLGGTGLRYTEAFF,0
GLCTLVAML,CASSPQGGGPHQPQHF,0
GLCTLVAML,CASSPPLVSPRDYEQYF,0
YVLDHLIVV,CASSGHGQGSDTQYF,0
GLCTLVAML,CASSTTPGQGAIGGYTF,0
GLCTLVAML,CASTPGPQGEKLFF,0
YVLDHLIVV,CASSPRTGTGTGELFF,0
YVLDHLIVV,CASSQDRSAILYNEQFF,0
YVLDHLIVV,CASSKDLFDRDYGYTF,0
YVLDHLIVV,CASSPAKGLSTDTQYF,0
YVLDHLIVV,CASSQDSISTTGPTEAFF,0
GLCTLVAML,CASSEGVYDNSPLHF,0
AVFDRKSDAK,CASSPQFTVSANHEQFF,0
GLCTLVAML,CSARVLFAGDVNTQYF,0
GLCTLVAML,CAVRGENQETQYF,0
GLCTLVAML,CASSEMAAGGTDTQYF,0
GLCTLVAML,CATSGRPTVSSGSPYEQYF,0
GLCTLVAML,CASSLDDGQETQYF,0
YVLDHLIVV,CAISVTSGIAYEQYF,0
YVLDHLIVV,CASSLVAGSTLRTDTQYF,0
YVLDHLIVV,CASIRIQYF,0
YVLDHLIVV,CSARGQTSGEYNEQFF,0
YVLDHLIVV,CASSTLRDSLNTGELFF,0
YVLDHLIVV,CASSLRTEQDIQYF,0
YVLDHLIVV,CASSPKEVLQGGSANTGELFF,0
YVLDHLIVV,CASSKGGGTTLGPGKPTNEKLFF,0
YVLDHLIVV,CASSQTGYYNEQFF,0
GLCTLVAML,CASGRAGSEGYGYTF,0
GLCTLVAML,CAWSIDRGTSGRSWDEQFF,0
GLCTLVAML,CATSDPGYGRSYNEQFF,0
YVLDHLIVV,CASSSLAGPLYEQYF,0
GLCTLVAML,CASSQVTSGRAGELFF,0
GLCTLVAML,CASSPGQGEVSAGELFF,0
GLCTLVAML,CASSPGGSRWNTIYF,0
GLCTLVAML,CASTTHFLYIEETQYF,0
GLCTLVAML,CASSKHREQFF,0
GLCTLVAML,CASSSASGRAINGELFF,0
GLCTLVAML,CASSIVRDRPSNYGYTF,0
GLCTLVAML,CASSMSRDRGQEKLFF,0
GLCTLVAML,CASSSVQSNTQYF,0
GLCTLVAML,CASSAAGFSGRVEQFF,0
GLCTLVAML,CASISGSIEAFF,0
GLCTLVAML,CSAKFQGTEKLFF,0
GLCTLVAML,CASSESIGDYGYTF,0
GLCTLVAML,CAIASAPYNEQFF,0
GLCTLVAML,CASSIRQGAANTEAFF,0
GLCTLVAML,CASSARQEGYGYTF,0
GLCTLVAML,CAWSLKLWDEAFF,0
GLCTLVAML,CAISESKGRGTEAFF,0
GLCTLVAML,CASSPHRTGLNYGYTF,0
GLCTLVAML,CASSSPFRASGGSSYNEQFF,0
GLCTLVAML,CASSEFQGARTEAFF,0
GLCTLVAML,CASSLGQGPTEDTQYF,0
GLCTLVAML,CAISVAGGMGNEQFF,0
GLCTLVAML,CASSFPTGGGNTGELFF,0
GLCTLVAML,CAWSVAAYNSPLHF,0
GLCTLVAML,CASSTTRDSTYEQYF,0
GLCTLVAML,CASEEDITLAQYF,0
GLCTLVAML,CASSLRTRLEQYF,0
GLCTLVAML,CASSEWLAGGKETQYF,0
GLCTLVAML,CASSFQGQAFYEQYF,0
GLCTLVAML,CASSPVWLANDEQYF,0
GLCTLVAML,CASSQDFPSGELFF,0
GLCTLVAML,CSAARQGPSYEQYF,0
GLCTLVAML,CASSYGRGLGANEKLFF,0
GLCTLVAML,CAWSVLSPGATNEKLFF,0
GLCTLVAML,CASSLRVGTQGTQYF,0
YVLDHLIVV,CASSDRAGAHNEQFF,0
YVLDHLIVV,CASSQGDDEQFF,0
GLCTLVAML,CASSSRQSAEKLFF,0
GLCTLVAML,CSARDPRDTDNSPLHF,0
GLCTLVAML,CASSRQRTSPLHF,0
GLCTLVAML,CASSPGQGFWNTEAFF,0
GLCTLVAML,CASSDSPGVNSPLHF,0
GLCTLVAML,CASTRGVLGEAFF,0
GLCTLVAML,CASSQVAGISGNEQFF,0
GLCTLVAML,CAWSEAQGVTQYF,0
GLCTLVAML,CATATAPGTEAFF,0
GLCTLVAML,CASSLRGASGLSYNEQFF,0
GLCTLVAML,CASSRQGSGGGTGELFF,0
GLCTLVAML,CASLRGVPMGNSPLHF,0
GLCTLVAML,CASSSIDTYGNTIYF,0
GLCTLVAML,CASSLLPFAGTDTQYF,0
GLCTLVAML,CASSDRGMFNGYTF,0
GLCTLVAML,CASSLGSREFSYTF,0
GLCTLVAML,CASSSRTVTFDQPQHF,0
GLCTLVAML,CSATVYSYEQYF,0
YVLDHLIVV,CASSYSRTVAASYEQYF,0
YVLDHLIVV,CASSFGAVVQGLGYGYTF,0
YVLDHLIVV,CASSVVPEQLTGELFF,0
YVLDHLIVV,CASSARGRAYQPQHF,0
YVLDHLIVV,CASSLYGSQDEQYF,0
YVLDHLIVV,CASRKTGQYIQETQYF,0
YVLDHLIVV,CASSVLAETYNEQFF,0
YVLDHLIVV,CASSLDSVLEGTSGNTIYF,0
YVLDHLIVV,CASSQALGPSTSYNEQFF,0
YVLDHLIVV,CASSYDRGTPFSNQPQHF,0
YVLDHLIVV,CSASPGVGHYEQYF,0
YVLDHLIVV,CASRSLEGRTEAFF,0
YVLDHLIVV,CASSAVTGTYEQYF,0
YVLDHLIVV,CATSEPGKTEAFF,0
YVLDHLIVV,CSVWGTGGRYEQYF,0
GLCTLVAML,CASNSAGASYEQYF,0
GLCTLVAML,CASSPDILADQYF,0
GLCTLVAML,CASSLQGVLDSPLHF,0
YVLDHLIVV,CASSLERPAITDTQYF,0
YVLDHLIVV,CSAGLGGPAYEQYF,0
GLCTLVAML,CSARTGVGYNSPLHF,0
YVLDHLIVV,CASSPTRGVMENTEAFF,0
YVLDHLIVV,CASSYFDAGGNQPQHF,0
GLCTLVAML,CASSHRVWDRYEQYF,0
GLCTLVAML,CASLLAGGNTGELFF,0
GLCTLVAML,CASSSDAQGSGSPLHF,0
GLCTLVAML,CASSSTVPDRPYEQYF,0